"example","label","method","b","se","lcl","ucl","df"
"E3","E-cigarette use -> hypertension","Fully-Aware",0.030808607087745,0.0246200912786933,-0.0194723272023527,0.0810895413778428,30
"E3","E-cigarette use -> hypertension","Partially-Aware",0.030808607087745,0.0283589954457211,-0.0247802702235973,0.0863974843990873,10735
"E3","E-cigarette use -> hypertension","Non-Aware",0.0690512534724639,0.0154043817858941,0.0388558154573157,0.0992466914876121,10735
"E3","E-cigarette use -> hypertension","Fully-Aware-CV",0.0403747810041327,0.020423850074554,-0.001336285454755,0.0820858474630204,30
"E3","E-cigarette use -> hypertension","Fully-Aware-CF",0.0377069175952554,0.0199177110824932,-0.00297047514108634,0.078384310331597,30
